"","yield","height"
"GFSSContig17137_1860",-2.13472158356604,-0.408529602837088
"GFSSContig17137_940",-1.03862684765666,0.448349906454456
"GFSSContig11377_769",-0.285299000154437,-1.0802867229049
"GFSSContig18743_720",0.267118362784375,1.81330395638439
"GFSSContig18013_689",-0.295643675017541,-0.724449982405885
"GFSSContig1730_934",-1.06598442685342,1.32056209914633
"GFSSContig12925_418",1.84959530491144,0.109958352889003
"GFSSContig15281_3466",1.02669294551633,-1.25283025194478
"GFSSContig12956_423",0.205982805932598,-0.25422331522296
"GFSSContig20018_283",-1.70939780600575,1.11100326787498
"GFSSContig3389_148",0.299178415735192,-1.42667177929349
"GFSSContig3389_68",0.00146334370895255,-0.21104594025163
"GFSSContig11950_1194",-0.0499093454215661,1.82143102509659
"GFSSContig64_325",0.854528455510612,0.630015487924301
"SSk40ctg20422_195",-0.578446792056397,-1.95120529949363
"GFSSContig8870_238",-0.0776429377915629,-0.705274962605486
"GFSSContig14714_678",-0.601230697139195,0.950491589595381
"GFSSContig14643_563",-0.874240172605685,-2.1290572486467
"SSk50ctg225336_353",0.412384190925525,-0.227984357444733
"GFSSContig17245_347",-0.224237676272622,0.45174489197117
"GFSSContig17245_481",-2.01598339568803,-0.404723746317316
"GFSSContig19978_2050",0.211645607210463,-0.676900150335795
"GFk50ctg100382_211",-0.311288852285298,-0.176587698378557
"GFSSContig10419_989",-1.21237609698392,-1.21286244291025
"GFSSContig18974_238",1.06244921346667,-0.195170139469812
"GFSSContig4787_601",0.155733076444777,2.66567036615077
"GFSSContig19471_685",-0.272389796479851,-0.549045193690062
"GFSSContig17336_1550",-1.05695220519839,1.24995418739247
"GFSSContig14236_783",-1.45771845708164,-0.0891665187476025
"GFSSContig7729_683",0.332494720001895,1.01098477390579
"GFSSContig19568_1644",0.972799577136407,-0.847703733759033
"GFSSContig10130_795",0.0242930483946916,-0.864097405967449
"GFSSContig14911_734",0.0760476235313108,-0.00457466315226353
"SSk35ctg124514_137",0.324843857674401,-0.93906912456911
"GFSSContig240_200",-0.831896515404161,-1.23403842861776
"GFSSContig14239_269",-0.104213764768414,-1.36736781308935
"GFSSContig18538_1416",-1.0560735937646,-1.40864498165127
"GFSSContig2984_879",0.860610714322874,0.112173522158711
"GFSSContig1526_230",0.883040910202793,-0.659803541694187
"GFSSContig20558_126",1.23204156498688,0.216780103565672
"GFSSContig20558_410",1.60208037503558,1.60058799403298
"GFSSContig18772_497",0.36952806961001,0.680893729063425
"GFSSContig5332_531",-0.541065170301268,0.59396548680603
"GFSSContig14473_841",0.662594897615376,1.215290131085
"GFSSContig19996_653",0.447679270383704,-0.830207367459211
"GFSSContig20175_2257",-0.0312273885067046,0.813519300464942
"GFSSContig10391_197",0.833771643115024,-0.462863439090223
"GFSSContig11916_535",-0.672699094914823,1.22354188099225
"GFSSContig12526_606",1.16906095001027,-0.084433151097786
"GFSSContig18694_969",0.0933381741413253,-0.348639070532892
"GFSSContig17622_639",-1.09475558209569,0.113561275529967
"GFSSContig7317_190",0.279677368794172,-0.124088662112879
"GFSSContig18963_787",-0.0850475133299174,-2.05772650542284
"GFSSContig15477",0.327691802505215,0.820563531123035
"GFSSContig19961_188",0.470323956434587,-0.779794422109025
"GFSSContig8113_253",1.50190733995482,0.35496209507341
"GFSSContig11701_739",-1.68064905564204,0.628223868595521
"GFSSContig15931_175",0.482205487373218,0.0196603310501827
"GFSSContig19736_4089",1.41393067709382,-0.343964716078243
"GFk45ctg313733_129",-0.0742625720430182,-0.53589185981746
"GFSSContig18881_588",1.03072229193743,0.490990707905039
"GFSSContig17989_352",-1.08744879160426,-0.642837554201356
"GFSSContig4708_491",-0.360959993803399,0.442388352843832
"GFSSContig11183_265",-1.53171655507172,0.74519865834734
"GFSSContig17152_572",0.395165895425997,1.18971111570125
"GFSSContig14485_1273",0.0140230044223559,0.66903485922033
"GFSSContig17456_751",0.66417695294817,0.198254685005894
"GFSSContig11785_150",-0.0021807833075989,1.01692452158764
"GFSSContig6268_272",-0.733408416737875,0.840733940222085
"GFSSContig20611_1874",0.217588670760113,2.04391961015477
"GFSSContig14840_1377",1.31332854565615,1.37198110459127
"GFSSContig17916_723",-1.66537918799076,0.311869451569968
"GFSSContig19229_860",-1.43693851183064,0.810929927810303
"GFSSContig11545_976",0.311209113837652,1.77557531341065
"GFSSContig10720_700",0.523151451160031,-1.53763520295756
"GFSSContig3212_326",-0.446808763437013,0.333284252013929
"GFSSContig623_207",1.14150643897258,-0.758729359612553
"GFSSContig16734_2201",0.587344118045406,-1.18315577207888
"GFSSContig17648_463",-0.0636171709031257,0.0718363929363553
"GFSSContig17648_1410",-0.74077878155635,-0.383365547621365
"GFSSContig7165_442",0.519559021548691,-1.2221259103721
"GFSSContig11918_395",2.0751745328039,0.185683364120986
"GFSSContig19789_133",-1.02466578424874,0.49858027007082
"GFSSContig15605_1353",-0.624736485700016,0.194633678556536
"GFSSContig18119_1138",-1.2734394495432,1.29421073722832
"GFSSContig19987_1483",0.0406565676837128,0.53065840247169
"GFSSContig7235_407",0.741499723664323,0.00432858216251453
"GFSSContig19037_366",0.516545547416174,0.761579020499387
"GFSSContig14156_604",2.01134295776381,0.841292880481426
"GFSSContig20140_1961",1.03757046795132,-0.415007623452816
"GFSSContig11619_923",-0.522577140553947,0.24291070839115
"GFSSContig18367_562",1.0549873316532,-0.130152529470214
"GFSSContig20332_1836",0.53279856070383,-1.18680163805873
"GFSSContig19618_2015",-1.34398874207094,-1.11103361333945
"GFSSContig16759_1172",-1.46644860889464,-0.0786437131055162
"GFSSContig19031_267",-1.20314041616687,0.750347283661162
"GFSSContig10862_580",-1.36595352231313,-0.0744197075156843
"GFSSContig17477_775",-0.2743222803141,-0.633143711464124
"GFSSContig9726_926",0.989678418139396,0.435946317251075
"GFSSContig18443_1437",0.409462451485543,0.800423540265395
"GFk25ctg2347921_248",0.10819241866963,0.794364695468258
"GFSSContig19146_697",1.84049458604643,0.692011054424859
"GFSSContig16002_345",0.0322299406691848,0.881683016588062
"GFSSContig20018_1695",-0.669233736365902,-1.06883471106812
"GFSSContig17549_819",-0.952217439954786,-0.83223863638428
"GFSSContig17006_576",-0.976365157463657,-1.21441012893382
"GFSSContig18404_380",0.973374911155345,-0.27008149038485
"GFSSContig3429_157",-0.949283623141487,-1.35774771368679
"GFSSContig12299_294",-0.147915199905135,0.631396167883621
"GFSSContig2383_483",0.444386115997079,0.672824114819589
"GFSSContig17883_3292",-0.579750670152277,-0.621535374846512
"GFSSContig14716_1047",1.42900519681137,0.615678128768425
"GFSSContig9424_249",-0.0469546404046129,-1.13765043137653
"GFSSContig12124_870",0.686041220540287,1.72386459189402
"GFSSContig4415_344",0.266324900268281,-0.233784708039085
"GFSSContig11879_277",0.0718511815613301,0.170236723450534
"GFSSContig1614_738",0.0739187855682041,-1.04557061167289
"GFSSContig5486_299",0.0476299934654137,-0.179722345895099
"GFSSContig17910_784",0.327788786535549,-0.524080939275282
"GFSSContig17910_1353",-0.249210298034328,1.75930184012492
"GFSSContig14090_244",1.4524627805896,-1.53896701833207
"GFk50ctg173656_119",0.0811777972922423,1.58719707237923
"GFSSContig16256_300",1.1348616611581,-1.11402738783156
"GFSSContig11465_504",0.111636779012094,-0.63293050355172
"GFSSContig12703_673",0.978477202122133,0.192846420853786
"GFSSContig17769_257",0.807125067038162,2.47059347842441
"GFSSContig12794_648",1.19746125902744,-0.127452573247186
"GFSSContig19553_1853",-0.308830259850388,0.423955609991014
"GFSSContig12271_165",0.194253387549759,0.0663795108643847
"GFSSContig19896_719",0.0723658110443365,-0.0978731105214873
"GFSSContig20060_2192",0.671562557706654,-0.622099015016587
"GFSSContig13835_1414",-1.1232445761084,-1.86035624373265
"GFSSContig19723_735",-2.12330843893016,0.316583831640446
"GFSSContig8275_336",-0.208072450000953,-0.024615639873743
"GFSSContig17760_1991",1.31612251091999,1.31684974289311
"GFSSContig10593_69",1.67295688478877,-0.089079458544863
"GFSSContig13202_231",-1.46870402549068,-0.698420369332646
"GFSSContig13702_411",0.424309361233979,0.826914042467632
"GFSSContig14674_1096",-0.994089467108992,-0.969421724261244
"GFSSContig15237_626",-0.598495695088374,0.580119830708841
"GFSSContig10620_391",0.813428587900273,-0.304674844267967
"GFSSContig10620_634",-0.305543746371453,2.37667300709768
"GFSSContig20069_834",0.87605092776304,0.011159591192011
"GFSSContig18167_254",0.315924555170902,-0.75161619355458
"GFk40ctg540920_180",0.169243779258651,-0.251645620193109
"GFSSContig18486_678",-1.09365053437149,1.09179927957137
"GFSSContig11715_952",-0.46069604955938,-1.22694623352109
"GFSSContig473",0.887877349426443,0.843589599482036
"GFSSContig19953_1437",-1.96909483061576,1.46958256643736
"GFSSContig14160_179",0.270737225543891,-1.13771440777209
"GFSSContig14160_962",0.459889794152928,0.226629096789225
"GFSSContig17612_773",-0.017342340425419,0.703470240468289
"GFSSContig3855_930",0.586269890638608,-2.46674674894187
"GFSSContig775_598",-0.240057532221167,-0.76165531551052
"GFSSContig5557_72",0.00486120073266862,-0.642534374452119
"GFSSContig14210_1233",-0.311190721910388,-0.901194061564974
"GFSSContig12527_197",1.28519954067119,-1.14965349881108
"GFSSContig10741_1216",2.01552981838093,0.598165851371634
"SSk50ctg79047_102",-0.0611032483569763,0.559553316639291
"GFSSContig5800_117",0.545505770141245,-0.224635728060769
"GFSSContig4458_856",0.441149386929291,0.774736836965137
"SSk40ctg268352_219",-2.26095782847397,-0.152577410310512
"GFSSContig19880_1376",0.588890585435778,-0.995059582775219
"GFSSContig19818_1869",0.271725323737877,-1.73865563774054
"GFSSContig20515_639",-1.0292634274431,0.441792169238674
"GFk50ctg127857_253",1.10581033737508,1.83236874129441
"GFSSContig20112_1572",1.06488038199255,1.06818928701809
"GFSSContig11128_893",-1.44077788597654,-1.32201161156804
"GFSSContig10511_296",0.299160395010394,1.38707010728414
"GFSSContig18141_379",-0.0978783096336896,0.143258324937514
"GFSSContig18394_720",0.61889482236813,-2.1212995146665
"GFk45ctg47373_237",-0.26304820568843,1.73531931669389
"GFSSContig6446_373",0.185220302131273,0.397337084652587
"GFSSContig2914_315",1.06487150302971,-0.018046680709797
"GFSSContig14223_306",0.377858297703437,0.286083158530083
"GFSSContig17930_1907",0.356192404964774,-0.380521590431009
"GFSSContig19151_2029",1.05930935173985,-0.521097930661803
"GFSSContig16982_1242",-0.0279551507377284,0.104229702290985
"GFSSContig15731_814",1.24765667218762,-0.413046603243648
"GFSSContig15731_680",-0.85280164111001,-0.827812528445731
"GFSSContig19333_2734",0.599405993483359,1.06224226813336
"GFSSContig20076_2471",0.279611927324399,0.699682665739593
"GFSSContig14712_247",0.645581034534091,0.879709104607765
"GFSSContig15080_288",0.810809634623163,-1.73408082439647
"GFSSContig20589_1320",0.534085076174794,0.0427138545670849
"GFSSContig15044_1090",0.243648801100152,1.44967279753047
"GFSSContig13121_533",-0.298584448871191,-0.90533202713272
"GFSSContig17278_2352",0.0475406034167028,0.136208310403156
"GFSSContig8400_100",-0.0834230004936835,-2.18810167025338
"GFSSContig20368_1202",-0.719948382069356,-0.611224322426489
"GFSSContig20368_1365",0.910615836224443,0.400314087044229
"GFSSContig19193_773",-1.50055701279651,0.0572227365359379
"GFSSContig12613_658",0.855009445304246,-1.01182789346936
"GFSSContig2301_308",-1.32197298143312,0.0233940911852684
"GFSSContig18299_1838",1.21387378250392,1.25364286974576
"GFSSContig15381_363",0.590529185108122,-1.9046178476718
"GFSSContig19297_2392",-0.00827070798723535,1.50980681776697
"GFk45ctg179201_418",1.00552732702129,1.26715289474878
"GFSSContig16567_1127",1.12766798802429,-0.73026311443655
"GFSSContig1697_227",-0.405272733493884,-0.105335921867441
"GFk45ctg296738_328",-0.653976773746865,0.559725985572525
"GFSSContig18484_975",-0.0649667092685426,-0.341580981030268
"GFSSContig19061_572",-0.99507316973028,0.562205974232614
"GFSSContig7525_157",1.39740115294269,-0.690720885566126
"GFSSContig10781_370",0.123524545793097,0.217142679252254
"GFSSContig16978_83",0.876101476447524,-0.871202510213251
"GFSSContig19043",-1.50693422988553,-0.19929166119917
"GFSSContig19730_2443",-0.312389609687878,-1.59486521731362
"GFSSContig15964_682",0.712572774545466,0.378672028706569
"GFSSContig12142_295",0.0890265592154365,-0.247534282754119
"GFSSContig18615_2488",1.23060414227379,1.28019384477555
"GFSSContig20528_2057",0.069527662461672,-1.17127706112918
"GFSSContig18947_1253",-1.66883487987631,-0.84351237772398
"GFSSContig11593_662",0.311836548348771,0.644042778827798
"GFSSContig3341_337",-1.35039278608084,-1.4479140252574
"GFSSContig9551_264",0.346001396510929,0.996977026287343
"GFSSContig17394_1831",-0.727870168488771,-1.90187964456366
"GFSSContig20426_150",-1.08763754014919,0.619307794389793
"GFSSContig19603_1415",-0.281505657816715,1.34215144863897
"GFSSContig6638_165",1.67047711776377,0.121892352729227
"GFSSContig11762_328",0.199608296142329,0.0535318674943541
"GFSSContig20291_500",-1.06381116169233,1.66125897652715
"GFSSContig11905_521",0.446438082697559,0.305409464245714
"GFSSContig19131_53",1.98183467262966,1.77639948992917
"GFSSContig16654_1653",-0.849736969902473,0.557206471638593
"GFSSContig20159_1535",1.13756919379329,0.53437533919738
"GFSSContig20159_876",1.71523670665259,0.0132937384895947
"GFSSContig4839_373",-0.149857592349228,0.956674019013264
"GFSSContig15802_503",0.508015016577542,0.697110763855402
"GFSSContig16380_877",-0.482449451181531,-1.60638801461965
"GFSSContig12774_2120",-0.278832922703575,-0.49620147662036
"GFSSContig19830_1349",2.29816143552711,-0.520469532621034
"GFSSContig15624_913",-0.813858192214158,0.367458697883564
"GFSSContig12176_444",0.677744858489478,0.67853515233641
"GFSSContig16952_694",1.89033040799093,0.0603183170194072
"GFSSContig18633_1798",-1.52529565927106,1.94006285080993
"GFSSContig8931_556",0.992181847636946,2.12166896040391
"GFSSContig11759_1658",-0.227422293337226,-0.326381373392742
"GFk40ctg430575_109",0.678970992325561,0.313420776911246
"GFSSContig13634_134",1.97662122544652,1.00966199285605
"GFSSContig18919_2493",0.957373796540244,-0.38185452184434
"GFSSContig20569_1650",-0.0740659049800204,-0.22606697812934
"GFSSContig18408_1087",-0.306338854574198,-0.461921632283151
"GFSSContig15446_474",1.57254578011952,1.23821826187982
"GFSSContig8940_858",-1.06890029055561,-0.665144812120125
"GFSSContig18771_265",-0.333475907684741,0.7045221155802
"GFSSContig18860_1155",0.777095319569518,0.25261647507763
"GFSSContig18151_375",-0.143530822552395,-0.883665759586988
"GFSSContig12466_180",1.29934523390639,-0.830792394143546
"GFSSContig17884_1449",1.79044727387873,-0.632384095634586
"GFSSContig7101_918",0.634428958303053,0.527588528424045
"GFSSContig12235_573",-0.109170692947512,-0.930007361779815
"GFSSContig16289_1017",0.853547878916502,1.39245068118738
"GFSSContig7649_1236",1.09381908182589,-2.06297665733881
"GFSSContig1840_351",-0.975056986935135,-0.218919970442613
"GFSSContig13754_1668",1.96882550679157,1.25783638464068
"GFSSContig14725_908",1.10934597349983,-0.418441122458245
"GFSSContig12810_225",0.45588539360521,1.12118253563094
"GFSSContig17265_1038",-0.820698318688628,-0.619124279044837
"GFSSContig17265_575",0.586754267794922,0.977744167474692
"GFk40ctg9752_150",1.3150099609714,1.28003088633417
"GFSSContig12763_195",-0.116899593423024,-1.32072411930095
"GFSSContig13409_253",0.140030304389111,1.18751610239557
"GFSSContig9469_436",0.367905188320222,1.17047126800941
"GFSSContig9469_613",-0.277162986461759,-0.904481148985487
"GFSSContig9469_821",1.00623613259062,-0.987566290899979
"GFSSContig6121_100",0.275368021189146,-0.187939946924921
"GFSSContig10367_393",-0.0811408958962701,0.342092225171282
"GFSSContig7996_485",0.919679563668651,-0.163459023911938
"GFSSContig16360_390",0.17371879288889,-0.631698946234571
"GFSSContig20506_2030",-0.806144133596811,0.883446722113919
"GFSSContig13208_795",0.0730318022583544,-0.633579782546269
"GFSSContig17173_502",-1.39919043527581,-0.751894626303603
"GFSSContig13400_323",0.821681173094689,0.0210644770619908
"GFSSContig12512_154",2.14959254265992,0.301220945697945
"GFSSContig14690_690",-1.86445388678483,0.718245848679703
"SSk45ctg267941_175",-1.25159699371588,-0.382296889540118
"GFSSContig14923_586",-1.15234226131179,1.52213615738821
"GFSSContig19719_251",-0.600930994856029,1.663377718841
"GFSSContig19690_2175",0.395186553670005,-0.276854227962999
"GFk35ctg307257_202",1.20704544517169,-0.0544096980193109
"GFSSContig11513_84",-1.25194330690623,-0.937516983528349
"GFSSContig5034_412",-0.479366386869761,-0.736988347826301
"GFSSContig18858_1415",1.16701216513259,-0.576288669814022
"GFSSContig18221_1150",0.186288029447923,0.72178739238638
"GFSSContig16422_1031",0.262562395886903,0.789704523143607
"GFSSContig19414_135",1.99638006106676,0.433687746870923
"GFSSContig16458_1714",-0.131927202532379,-0.170282042913672
"GFSSContig2952_216",1.85941509112145,1.81602775617253
"GFSSContig19005_876",1.28447559549337,0.734034265779346
"GFSSContig12567_692",-0.314795139317556,1.51143220129152
"GFSSContig16049_1267",1.69206329433942,-0.100149162631296
"GFSSContig18047_927",0.52801615763687,1.65329553255594
"GFSSContig1966_308",-1.52938804684372,1.05259835987619
"GFSSContig12698_1019",-1.28893412707249,-0.0833198800384588
"GFk35ctg648025_353",-1.04095751382082,-0.0536465753379005
"GFSSContig18052_1167",0.242872949413987,-0.782675521073188
"GFSSContig18799_764",-1.21630883985581,-1.12665019141699
"GFSSContig18994_311",1.89170680999076,-0.158457433323586
"GFSSContig8643_492",0.784531189417067,0.91562162050592
"GFSSContig16609_920",-1.39581982980971,-2.14818826723804
"GFSSContig18109_864",1.36178332236323,-1.09112155565601
"GFSSContig1405_481",-0.0927153173205491,-0.692446906600942
"GFSSContig13612_465",-0.683650356813948,-1.18241636520393
"GFSSContig18384_1020",0.464164374235483,2.12165632429735
"GFSSContig4757_256",-0.744047559156738,0.956693480400143
"GFSSContig17337_2234",-0.554334950325943,0.0677340434559039
"GFSSContig19936_919",0.30670298463039,-0.108090654041097
"GFSSContig19668_777",0.676841073259903,0.893474104796331
"GFSSContig19372_585",-1.13425643928062,0.174267652731587
"GFk45ctg342913_247",0.808944896472679,-0.14407209640234
"GFk40ctg229781_98",-1.03964241429244,-0.0681675163315354
"GFSSContig16447_152",-0.431196044174055,-1.07206445074073
"GFSSContig19900_1921",1.36942907745895,-0.554366426065632
"GFSSContig12663_1010",-1.19667903147796,-0.438468916596679
"GFSSContig19170_462",-1.58090493319194,-0.373871528281964
"GFSSContig10135_1021",-0.550083764603052,-0.531635392812233
"GFSSContig12706_492",0.084589744779898,-0.022516258602715
"GFSSContig19750_4048",0.0939923337911394,-0.965851421739809
"GFSSContig19351_2904",-0.290912676673423,0.313380952686521
"GFSSContig18297_1609",0.630552803531647,-0.123899339697422
"GFSSContig20436_3127",1.13300805393666,-0.356933370502788
"GFSSContig16444_1496",2.14831321003133,-0.471737068906875
"GFSSContig17231_501",1.71446106751755,0.430540579605052
"GFSSContig20039_958",0.147261328532374,0.60228791611665
"GFSSContig9146_190",-0.505804029009685,-0.133384528785096
"GFSSContig15396_715",0.708355545165853,-0.54744615085882
"GFSSContig14673_1168",-0.60167622571121,-0.504857563787665
"GFk25ctg2814516_120",-1.72758686020626,-0.708972127719524
"GFSSContig13472_457",2.19046480938637,-0.48983023623589
"GFSSContig17529_775",0.647323603885601,0.892493477476613
"GFSSContig15761_607",-0.6806802454141,-0.633551368135662
"GFSSContig12642_472",-0.593980337618283,-0.929588497960807
"GFSSContig9297_330",0.7034888555533,0.672308290244694
"GFSSContig8210_372",0.149540152558279,0.640187161951611
"GFk40ctg144164_473",-0.393725017488657,-0.317572837720353
"GFSSContig11849_357",-0.234938761252124,-1.97319666865636
"GFSSContig18320_993",-1.46615455538097,0.579020393830519
"GFSSContig8648_564",-0.161985914033913,-0.802847334436893
"GFSSContig4481_255",0.102883803160986,1.06706446605569
"GFSSContig16403_979",0.971233575633407,-1.18322220185448
"GFSSContig9415_98",0.725866468605255,0.248280762341624
"GFSSContig18335_922",1.17120981377169,0.173558801530381
"GFSSContig4096_351",-0.806088275679329,-0.906515677348712
"GFSSContig19578_877",0.4886306977188,-1.02768678243855
"GFSSContig18701_954",-0.95000108537188,-0.974881804382455
"GFSSContig18701_2097",1.10499041160855,-1.87363235838462
"GFSSContig16774_1273",-0.183828360510806,-0.851796081112993
"GFSSContig2426_408",0.0464907976946434,0.205034160610754
"GFSSmeganDLF1_1",-0.743920237693765,-0.492891445182026
"GFSSContig9550_549",-0.311520491350866,1.3747392298307
"GFSSContig18315_975",-0.725210744594681,-0.757691176206784
"GFSSContig15868_1101",-0.935878920455058,0.453533612494815
"GFSSContig10339_597",-1.41617317299046,0.600578412619278
"GFk40ctg123299_208",-0.88116001775899,0.96434064371895
"GFSSContig5277_533",-0.661443885982111,-0.571425035469885
"GFSSContig16921_632",1.07764743023192,0.618648364721919
"GFSSContig20403_1940",-0.338857723784621,1.59216738305797
"GFSSContig16226_576",-0.604746202064636,-3.57202747364838
"GFSSContig18763_1001",-0.796633230936959,1.32572012436492
"GFSSContig15563_263",0.531571506159847,0.852929719346195
"GFSSContig3933_570",0.300135737918981,0.325636382004206
"GFk50ctg317996_319",-0.0544211333770726,-0.718037588244762
"GFSSContig13484_518",0.260682314384177,-1.02676739951279
"GFSSContig11810_723",1.1075390696961,-1.67285062686714
"GFSSContig10247_485",-1.77429750970681,-0.696325960468063
"GFSSContig16519_974",0.170283857273948,0.810652255580295
"GFSSContig16519_1139",-0.342943383548795,1.065409028864
"GFSSContig18533_925",0.718277639685509,0.0908520073109263
"GFSSContig16121_677",0.48038128399246,1.34172732445812
"GFSSContig20421_1653",-0.0603457992613601,-1.07771460411484
"GFSSContig18342_909",0.165751934294153,1.50111864194024
"GFSSContig20177_2650",0.369032969250768,-0.985517478054006
"GFSSContig12758_758",0.00158543921984648,-0.287674746818251
"GFSSContig18577_709",-0.020624509972322,1.41008172882474
"GFSSContig11002_434",-1.02768874907392,0.324287741475213
"GFSSContig13376_1381",-0.300608880411064,0.191199974467819
"GFk40ctg349904_126",0.741316251870898,-0.632666862119219
"GFSSContig19948_1337",0.668081049939806,-1.40081520359093
"GFSSContig4510_767",1.16242792564582,1.27024061152967
"GFSSContig19122_1111",-0.236207287634272,0.265520459095661
"GFSSContig18986_1716",0.319767242152284,-0.346754303625711
"GFSSContig7223_314",-0.960240051421673,-0.0814032593731055
"GFSSContig8083_743",0.0875301999526983,0.703321248386074
"GFSSContig17850_1447",0.0409979187834641,0.50966750147945
"GFSSContig20137_812",2.80550921896124,-1.11393484716228
"GFk50ctg18383_265",0.0422102320463565,0.453700922796753
"GFSSContig19588_253",-1.55017739114856,0.175300935975209
"GFSSContig5387_711",-1.05670276231681,-0.258539750693924
"GFSSContig20006_1334",0.0473699752492881,0.729232646597633
"GFSSContig13679_522",-0.0386989144938055,1.90248637599033
"GFSSContig13073_887",-1.12290887736768,0.792725904953525
"GFSSContig20378_1618",2.20088608364326,2.0278629433161
"GFSSContig17419_591",0.333698410412464,0.0722919690769665
"GFSSContig20549_800",0.180536004261185,-0.160766900023552
